seed,design,N,alpha,x,n,estimator,pilot_rule,mu_hat,variance,rel_sd,ci_low,ci_high,rho_squared,runtime_seconds,centering_status,run_id,config_hash,git_hash,code_version,run_timestamp
3153149895,pareto_alpha_2_N_3,3,2.0,20.0,10000,crude_cdmc,none,0.011740202791017989,9.833883228557905e-06,0.002671080180445307,,,0.0,0.0,none,F6_default,3a1471b9b43cbbb05811882dff5ff989dde78d032a5e383de44737cfaa41769f,2484d30,0.1.0,2026-05-25T22:35:53+00:00
3153149895,pareto_alpha_2_N_3,3,2.0,20.0,10000,cv_oracle,oracle,0.011740202791017989,9.833883228557905e-06,0.002671080180445307,0.011678740235368211,0.011801665346667767,0.0,0.0,oracle,F6_default,3a1471b9b43cbbb05811882dff5ff989dde78d032a5e383de44737cfaa41769f,2484d30,0.1.0,2026-05-25T22:35:53+00:00
3153149895,pareto_alpha_2_N_3,3,2.0,20.0,10000,cv_sample_split,sqrt,0.011741012106277551,9.815282249265598e-06,0.0026818115892116735,0.011679298362924953,0.01180272584963015,1.819685130661557e-31,0.0,sample_split,F6_default,3a1471b9b43cbbb05811882dff5ff989dde78d032a5e383de44737cfaa41769f,2484d30,0.1.0,2026-05-25T22:35:53+00:00
3153149895,pareto_alpha_2_N_3,3,2.0,20.0,10000,cv_sample_split,n_over_logn,0.01173716256971513,9.812838250074893e-06,0.0028266596948731235,0.011672136914437506,0.011802188224992754,0.0,0.0,sample_split,F6_default,3a1471b9b43cbbb05811882dff5ff989dde78d032a5e383de44737cfaa41769f,2484d30,0.1.0,2026-05-25T22:35:53+00:00
3153149895,pareto_alpha_2_N_3,3,2.0,20.0,10000,cv_sample_split,n_to_2_3,0.011733160870407064,9.769883946774442e-06,0.0027280137567740007,0.011670425903638754,0.011795895837175373,1.2071656012666503e-31,0.0,sample_split,F6_default,3a1471b9b43cbbb05811882dff5ff989dde78d032a5e383de44737cfaa41769f,2484d30,0.1.0,2026-05-25T22:35:53+00:00
4186225163,pareto_alpha_2_N_3,3,2.0,20.0,10000,crude_cdmc,none,0.011764333336185498,1.0159836798810901e-05,0.0027094182037595777,,,0.0,0.0,none,F6_default,3a1471b9b43cbbb05811882dff5ff989dde78d032a5e383de44737cfaa41769f,2484d30,0.1.0,2026-05-25T22:35:53+00:00
4186225163,pareto_alpha_2_N_3,3,2.0,20.0,10000,cv_oracle,oracle,0.011764333336185498,1.0159836798810901e-05,0.0027094182037595777,0.01170186046632377,0.011826806206047227,0.0,0.0,oracle,F6_default,3a1471b9b43cbbb05811882dff5ff989dde78d032a5e383de44737cfaa41769f,2484d30,0.1.0,2026-05-25T22:35:53+00:00
4186225163,pareto_alpha_2_N_3,3,2.0,20.0,10000,cv_sample_split,sqrt,0.01176060249834232,1.0113739059902727e-05,0.0027177449885428186,0.011697957505215779,0.011823247491468862,7.427609516917222e-32,0.0,sample_split,F6_default,3a1471b9b43cbbb05811882dff5ff989dde78d032a5e383de44737cfaa41769f,2484d30,0.1.0,2026-05-25T22:35:53+00:00
4186225163,pareto_alpha_2_N_3,3,2.0,20.0,10000,cv_sample_split,n_over_logn,0.011757475416514373,1.0109515291251106e-05,0.0028641147483741644,0.01169147410218789,0.011823476730840856,0.0,0.0,sample_split,F6_default,3a1471b9b43cbbb05811882dff5ff989dde78d032a5e383de44737cfaa41769f,2484d30,0.1.0,2026-05-25T22:35:53+00:00
4186225163,pareto_alpha_2_N_3,3,2.0,20.0,10000,cv_sample_split,n_to_2_3,0.011757231079228415,1.0068295118688553e-05,0.0027636929665526113,0.011693545230886325,0.011820916927570506,6.895262260711628e-33,0.0,sample_split,F6_default,3a1471b9b43cbbb05811882dff5ff989dde78d032a5e383de44737cfaa41769f,2484d30,0.1.0,2026-05-25T22:35:53+00:00
103425314,pareto_alpha_2_N_3,3,2.0,20.0,10000,crude_cdmc,none,0.011710155613136583,9.631425109683073e-06,0.0026502241656372457,,,0.0,0.0,none,F6_default,3a1471b9b43cbbb05811882dff5ff989dde78d032a5e383de44737cfaa41769f,2484d30,0.1.0,2026-05-25T22:35:53+00:00
103425314,pareto_alpha_2_N_3,3,2.0,20.0,10000,cv_oracle,oracle,0.011710155613136583,9.631425109683073e-06,0.0026502241656372457,0.01164932903757668,0.011770982188696487,0.0,0.0,oracle,F6_default,3a1471b9b43cbbb05811882dff5ff989dde78d032a5e383de44737cfaa41769f,2484d30,0.1.0,2026-05-25T22:35:53+00:00
103425314,pareto_alpha_2_N_3,3,2.0,20.0,10000,cv_sample_split,sqrt,0.01171161973467386,9.599087940010411e-06,0.0026587678896238176,0.011650589438307855,0.011772650031039864,3.553684846154119e-31,0.0,sample_split,F6_default,3a1471b9b43cbbb05811882dff5ff989dde78d032a5e383de44737cfaa41769f,2484d30,0.1.0,2026-05-25T22:35:53+00:00
103425314,pareto_alpha_2_N_3,3,2.0,20.0,10000,cv_sample_split,n_over_logn,0.01171251709972772,9.662900680779233e-06,0.002810883499737769,0.011647990144177656,0.011777044055277783,0.0,0.0,sample_split,F6_default,3a1471b9b43cbbb05811882dff5ff989dde78d032a5e383de44737cfaa41769f,2484d30,0.1.0,2026-05-25T22:35:53+00:00
103425314,pareto_alpha_2_N_3,3,2.0,20.0,10000,cv_sample_split,n_to_2_3,0.01171396151666092,9.607343072088062e-06,0.0027096595958757417,0.011651750597292664,0.011776172436029178,3.6247579216220793e-32,0.0,sample_split,F6_default,3a1471b9b43cbbb05811882dff5ff989dde78d032a5e383de44737cfaa41769f,2484d30,0.1.0,2026-05-25T22:35:53+00:00
3709245926,pareto_alpha_2_N_3,3,2.0,20.0,10000,crude_cdmc,none,0.011806538032118412,1.060227489912085e-05,0.0027578901253481614,,,0.0,0.0,none,F6_default,3a1471b9b43cbbb05811882dff5ff989dde78d032a5e383de44737cfaa41769f,2484d30,0.1.0,2026-05-25T22:35:53+00:00
3709245926,pareto_alpha_2_N_3,3,2.0,20.0,10000,cv_oracle,oracle,0.011806538032118412,1.060227489912085e-05,0.0027578901253481614,0.011742719380902133,0.011870356683334691,0.0,0.0,oracle,F6_default,3a1471b9b43cbbb05811882dff5ff989dde78d032a5e383de44737cfaa41769f,2484d30,0.1.0,2026-05-25T22:35:53+00:00
3709245926,pareto_alpha_2_N_3,3,2.0,20.0,10000,cv_sample_split,sqrt,0.011804282415539779,1.0580398267952907e-05,0.002769451852170859,0.011740208465008733,0.011868356366070825,4.791645756133764e-32,0.0,sample_split,F6_default,3a1471b9b43cbbb05811882dff5ff989dde78d032a5e383de44737cfaa41769f,2484d30,0.1.0,2026-05-25T22:35:53+00:00
3709245926,pareto_alpha_2_N_3,3,2.0,20.0,10000,cv_sample_split,n_over_logn,0.01180628578591294,1.0617339282183555e-05,0.0029230341038740853,0.01173864708386788,0.011873924487958001,0.0,0.0,sample_split,F6_default,3a1471b9b43cbbb05811882dff5ff989dde78d032a5e383de44737cfaa41769f,2484d30,0.1.0,2026-05-25T22:35:53+00:00
3709245926,pareto_alpha_2_N_3,3,2.0,20.0,10000,cv_sample_split,n_to_2_3,0.01181451862884235,1.0665171633796521e-05,0.002830640863024055,0.011748972221247893,0.011880065036436805,3.298578364759676e-32,0.0,sample_split,F6_default,3a1471b9b43cbbb05811882dff5ff989dde78d032a5e383de44737cfaa41769f,2484d30,0.1.0,2026-05-25T22:35:53+00:00
3910125565,pareto_alpha_2_N_3,3,2.0,20.0,10000,crude_cdmc,none,0.011764343962910723,9.866289330279656e-06,0.002669987386695564,,,0.0,0.0,none,F6_default,3a1471b9b43cbbb05811882dff5ff989dde78d032a5e383de44737cfaa41769f,2484d30,0.1.0,2026-05-25T22:35:53+00:00
3910125565,pareto_alpha_2_N_3,3,2.0,20.0,10000,cv_oracle,oracle,0.011764343962910723,9.866289330279656e-06,0.002669987386695564,0.01170278022019204,0.011825907705629407,0.0,0.0,oracle,F6_default,3a1471b9b43cbbb05811882dff5ff989dde78d032a5e383de44737cfaa41769f,2484d30,0.1.0,2026-05-25T22:35:53+00:00
3910125565,pareto_alpha_2_N_3,3,2.0,20.0,10000,cv_sample_split,sqrt,0.011761091182913304,9.801394069735927e-06,0.002675338324713495,0.011699421116091164,0.011822761249735443,2.9747724101724923e-34,0.0,sample_split,F6_default,3a1471b9b43cbbb05811882dff5ff989dde78d032a5e383de44737cfaa41769f,2484d30,0.1.0,2026-05-25T22:35:53+00:00
3910125565,pareto_alpha_2_N_3,3,2.0,20.0,10000,cv_sample_split,n_over_logn,0.01176043848342638,9.769522291625604e-06,0.0028148319753404315,0.011695556505427002,0.011825320461425759,0.0,0.0,sample_split,F6_default,3a1471b9b43cbbb05811882dff5ff989dde78d032a5e383de44737cfaa41769f,2484d30,0.1.0,2026-05-25T22:35:53+00:00
3910125565,pareto_alpha_2_N_3,3,2.0,20.0,10000,cv_sample_split,n_to_2_3,0.011761580788169301,9.783078327683121e-06,0.0027232590034226307,0.011698803473417695,0.011824358102920908,2.456614542626891e-31,0.0,sample_split,F6_default,3a1471b9b43cbbb05811882dff5ff989dde78d032a5e383de44737cfaa41769f,2484d30,0.1.0,2026-05-25T22:35:53+00:00
2252857153,pareto_alpha_2_N_3,3,2.0,20.0,10000,crude_cdmc,none,0.011748403860180162,9.767735028376888e-06,0.0026602231447787946,,,0.0,0.0,none,F6_default,3a1471b9b43cbbb05811882dff5ff989dde78d032a5e383de44737cfaa41769f,2484d30,0.1.0,2026-05-25T22:35:53+00:00
2252857153,pareto_alpha_2_N_3,3,2.0,20.0,10000,cv_oracle,oracle,0.011748403860180162,9.767735028376888e-06,0.0026602231447787946,0.011687148369093271,0.011809659351267054,0.0,0.0,oracle,F6_default,3a1471b9b43cbbb05811882dff5ff989dde78d032a5e383de44737cfaa41769f,2484d30,0.1.0,2026-05-25T22:35:53+00:00
2252857153,pareto_alpha_2_N_3,3,2.0,20.0,10000,cv_sample_split,sqrt,0.011748636640191995,9.763026771370463e-06,0.0026729274469717667,0.011687087394648075,0.011810185885735914,3.688775025961592e-31,0.0,sample_split,F6_default,3a1471b9b43cbbb05811882dff5ff989dde78d032a5e383de44737cfaa41769f,2484d30,0.1.0,2026-05-25T22:35:53+00:00
2252857153,pareto_alpha_2_N_3,3,2.0,20.0,10000,cv_sample_split,n_over_logn,0.011739969448345409,9.76423017980416e-06,0.00281897590598126,0.011675105045882718,0.0118048338508081,0.0,0.0,sample_split,F6_default,3a1471b9b43cbbb05811882dff5ff989dde78d032a5e383de44737cfaa41769f,2484d30,0.1.0,2026-05-25T22:35:53+00:00
2252857153,pareto_alpha_2_N_3,3,2.0,20.0,10000,cv_sample_split,n_to_2_3,0.011744162416521212,9.747401250138992e-06,0.0027223204910766874,0.011681499674950776,0.011806825158091649,8.378617077704405e-32,0.0,sample_split,F6_default,3a1471b9b43cbbb05811882dff5ff989dde78d032a5e383de44737cfaa41769f,2484d30,0.1.0,2026-05-25T22:35:53+00:00
3808686105,pareto_alpha_2_N_3,3,2.0,20.0,10000,crude_cdmc,none,0.011767169030431656,9.667403550989779e-06,0.0026423049113752746,,,0.0,0.0,none,F6_default,3a1471b9b43cbbb05811882dff5ff989dde78d032a5e383de44737cfaa41769f,2484d30,0.1.0,2026-05-25T22:35:53+00:00
3808686105,pareto_alpha_2_N_3,3,2.0,20.0,10000,cv_oracle,oracle,0.011767169030431656,9.667403550989779e-06,0.0026423049113752746,0.011706228951137189,0.011828109109726124,0.0,0.0,oracle,F6_default,3a1471b9b43cbbb05811882dff5ff989dde78d032a5e383de44737cfaa41769f,2484d30,0.1.0,2026-05-25T22:35:53+00:00
3808686105,pareto_alpha_2_N_3,3,2.0,20.0,10000,cv_sample_split,sqrt,0.011764441443021174,9.625231721723739e-06,0.0026504321269001404,0.011703328093044944,0.011825554792997404,7.86830966807095e-34,0.0,sample_split,F6_default,3a1471b9b43cbbb05811882dff5ff989dde78d032a5e383de44737cfaa41769f,2484d30,0.1.0,2026-05-25T22:35:53+00:00
3808686105,pareto_alpha_2_N_3,3,2.0,20.0,10000,cv_sample_split,n_over_logn,0.011759081676915903,9.620141136797444e-06,0.0027935512362490685,0.011694697649584078,0.011823465704247728,0.0,0.0,sample_split,F6_default,3a1471b9b43cbbb05811882dff5ff989dde78d032a5e383de44737cfaa41769f,2484d30,0.1.0,2026-05-25T22:35:53+00:00
3808686105,pareto_alpha_2_N_3,3,2.0,20.0,10000,cv_sample_split,n_to_2_3,0.011769292150551494,9.702205857840968e-06,0.0027102027262997084,0.011706774850703495,0.011831809450399492,1.1982561582575539e-31,0.0,sample_split,F6_default,3a1471b9b43cbbb05811882dff5ff989dde78d032a5e383de44737cfaa41769f,2484d30,0.1.0,2026-05-25T22:35:53+00:00
68179006,pareto_alpha_2_N_3,3,2.0,20.0,10000,crude_cdmc,none,0.011741760657890484,9.859133421903003e-06,0.002674152364991075,,,0.0,0.0,none,F6_default,3a1471b9b43cbbb05811882dff5ff989dde78d032a5e383de44737cfaa41769f,2484d30,0.1.0,2026-05-25T22:35:53+00:00
68179006,pareto_alpha_2_N_3,3,2.0,20.0,10000,cv_oracle,oracle,0.011741760657890484,9.859133421903003e-06,0.002674152364991075,0.011680219244965552,0.011803302070815416,0.0,0.0,oracle,F6_default,3a1471b9b43cbbb05811882dff5ff989dde78d032a5e383de44737cfaa41769f,2484d30,0.1.0,2026-05-25T22:35:53+00:00
68179006,pareto_alpha_2_N_3,3,2.0,20.0,10000,cv_sample_split,sqrt,0.011735276933295947,9.792647009615506e-06,0.0026800266337413496,0.011673634390731241,0.011796919475860652,4.4536807361567825e-31,0.0,sample_split,F6_default,3a1471b9b43cbbb05811882dff5ff989dde78d032a5e383de44737cfaa41769f,2484d30,0.1.0,2026-05-25T22:35:53+00:00
68179006,pareto_alpha_2_N_3,3,2.0,20.0,10000,cv_sample_split,n_over_logn,0.011727400843023372,9.724776891476236e-06,0.0028162900437326164,0.011662667618556607,0.011792134067490138,0.0,0.0,sample_split,F6_default,3a1471b9b43cbbb05811882dff5ff989dde78d032a5e383de44737cfaa41769f,2484d30,0.1.0,2026-05-25T22:35:53+00:00
68179006,pareto_alpha_2_N_3,3,2.0,20.0,10000,cv_sample_split,n_to_2_3,0.01173645645087034,9.813045294130463e-06,0.002733265306679457,0.011673583061693435,0.011799329840047246,9.231540790851067e-32,0.0,sample_split,F6_default,3a1471b9b43cbbb05811882dff5ff989dde78d032a5e383de44737cfaa41769f,2484d30,0.1.0,2026-05-25T22:35:53+00:00
2018130635,pareto_alpha_2_N_3,3,2.0,20.0,10000,crude_cdmc,none,0.01181534320122762,1.0358560431079561e-05,0.002723976527090639,,,0.0,0.0,none,F6_default,3a1471b9b43cbbb05811882dff5ff989dde78d032a5e383de44737cfaa41769f,2484d30,0.1.0,2026-05-25T22:35:53+00:00
2018130635,pareto_alpha_2_N_3,3,2.0,20.0,10000,cv_oracle,oracle,0.01181534320122762,1.0358560431079561e-05,0.002723976527090639,0.011752262313997284,0.011878424088457957,0.0,0.0,oracle,F6_default,3a1471b9b43cbbb05811882dff5ff989dde78d032a5e383de44737cfaa41769f,2484d30,0.1.0,2026-05-25T22:35:53+00:00
2018130635,pareto_alpha_2_N_3,3,2.0,20.0,10000,cv_sample_split,sqrt,0.011820498309635264,1.038835523442714e-05,0.0027404382053453197,0.011757008519755559,0.011883988099514969,2.631920215850109e-32,0.0,sample_split,F6_default,3a1471b9b43cbbb05811882dff5ff989dde78d032a5e383de44737cfaa41769f,2484d30,0.1.0,2026-05-25T22:35:53+00:00
2018130635,pareto_alpha_2_N_3,3,2.0,20.0,10000,cv_sample_split,n_over_logn,0.011831010546821924,1.0479583204230097e-05,0.0028979406697491206,0.011763812071041758,0.01189820902260209,0.0,0.0,sample_split,F6_default,3a1471b9b43cbbb05811882dff5ff989dde78d032a5e383de44737cfaa41769f,2484d30,0.1.0,2026-05-25T22:35:53+00:00
2018130635,pareto_alpha_2_N_3,3,2.0,20.0,10000,cv_sample_split,n_to_2_3,0.011827671654624831,1.0489938785418803e-05,0.0028041684329183744,0.011762665953503702,0.011892677355745961,1.932807549447675e-31,0.0,sample_split,F6_default,3a1471b9b43cbbb05811882dff5ff989dde78d032a5e383de44737cfaa41769f,2484d30,0.1.0,2026-05-25T22:35:53+00:00
1802169776,pareto_alpha_2_N_3,3,2.0,20.0,10000,crude_cdmc,none,0.011728369743046056,9.90602085533413e-06,0.002683564079884286,,,0.0,0.0,none,F6_default,3a1471b9b43cbbb05811882dff5ff989dde78d032a5e383de44737cfaa41769f,2484d30,0.1.0,2026-05-25T22:35:53+00:00
1802169776,pareto_alpha_2_N_3,3,2.0,20.0,10000,cv_oracle,oracle,0.011728369743046056,9.90602085533413e-06,0.002683564079884286,0.011666682166344824,0.011790057319747287,0.0,0.0,oracle,F6_default,3a1471b9b43cbbb05811882dff5ff989dde78d032a5e383de44737cfaa41769f,2484d30,0.1.0,2026-05-25T22:35:53+00:00
1802169776,pareto_alpha_2_N_3,3,2.0,20.0,10000,cv_sample_split,sqrt,0.011723586774883832,9.830095509240547e-06,0.0026878236386426997,0.011661826479784707,0.011785347069982957,7.717685079223604e-33,0.0,sample_split,F6_default,3a1471b9b43cbbb05811882dff5ff989dde78d032a5e383de44737cfaa41769f,2484d30,0.1.0,2026-05-25T22:35:53+00:00
1802169776,pareto_alpha_2_N_3,3,2.0,20.0,10000,cv_sample_split,n_over_logn,0.01172142977200045,9.907193184630961e-06,0.002844029207439591,0.011656092238910953,0.011786767305089946,0.0,0.0,sample_split,F6_default,3a1471b9b43cbbb05811882dff5ff989dde78d032a5e383de44737cfaa41769f,2484d30,0.1.0,2026-05-25T22:35:53+00:00
1802169776,pareto_alpha_2_N_3,3,2.0,20.0,10000,cv_sample_split,n_to_2_3,0.011726852828148162,9.882945459940367e-06,0.0027452291599696934,0.011663755906846733,0.011789949749449592,7.374362491414363e-33,0.0,sample_split,F6_default,3a1471b9b43cbbb05811882dff5ff989dde78d032a5e383de44737cfaa41769f,2484d30,0.1.0,2026-05-25T22:35:53+00:00
3754506031,pareto_alpha_2_N_3,3,2.0,20.0,10000,crude_cdmc,none,0.011731550062500576,9.51595302383012e-06,0.0026294852953839434,,,0.0,0.0,none,F6_default,3a1471b9b43cbbb05811882dff5ff989dde78d032a5e383de44737cfaa41769f,2484d30,0.1.0,2026-05-25T22:35:53+00:00
3754506031,pareto_alpha_2_N_3,3,2.0,20.0,10000,cv_oracle,oracle,0.011731550062500576,9.51595302383012e-06,0.0026294852953839434,0.011671089214275709,0.011792010910725443,0.0,0.0,oracle,F6_default,3a1471b9b43cbbb05811882dff5ff989dde78d032a5e383de44737cfaa41769f,2484d30,0.1.0,2026-05-25T22:35:53+00:00
3754506031,pareto_alpha_2_N_3,3,2.0,20.0,10000,cv_sample_split,sqrt,0.011734322326794827,9.530994404283424e-06,0.0026441951020255167,0.011673508882537355,0.0117951357710523,5.819510461130855e-31,0.0,sample_split,F6_default,3a1471b9b43cbbb05811882dff5ff989dde78d032a5e383de44737cfaa41769f,2484d30,0.1.0,2026-05-25T22:35:53+00:00
3754506031,pareto_alpha_2_N_3,3,2.0,20.0,10000,cv_sample_split,n_over_logn,0.011730815919931704,9.314496240879615e-06,0.0027554389441414103,0.011667462931895743,0.011794168907967665,0.0,0.0,sample_split,F6_default,3a1471b9b43cbbb05811882dff5ff989dde78d032a5e383de44737cfaa41769f,2484d30,0.1.0,2026-05-25T22:35:53+00:00
3754506031,pareto_alpha_2_N_3,3,2.0,20.0,10000,cv_sample_split,n_to_2_3,0.011734200726903348,9.471017367672202e-06,0.0026857258685941505,0.011672432762903577,0.01179596869090312,2.164373501080096e-31,0.0,sample_split,F6_default,3a1471b9b43cbbb05811882dff5ff989dde78d032a5e383de44737cfaa41769f,2484d30,0.1.0,2026-05-25T22:35:53+00:00
4025642128,pareto_alpha_2_N_3,3,2.0,20.0,10000,crude_cdmc,none,0.011771747901465608,9.977329461871753e-06,0.0026832812985035604,,,0.0,0.0,none,F6_default,3a1471b9b43cbbb05811882dff5ff989dde78d032a5e383de44737cfaa41769f,2484d30,0.1.0,2026-05-25T22:35:53+00:00
4025642128,pareto_alpha_2_N_3,3,2.0,20.0,10000,cv_oracle,oracle,0.011771747901465608,9.977329461871753e-06,0.0026832812985035604,0.011709838693533122,0.011833657109398094,0.0,0.0,oracle,F6_default,3a1471b9b43cbbb05811882dff5ff989dde78d032a5e383de44737cfaa41769f,2484d30,0.1.0,2026-05-25T22:35:53+00:00
4025642128,pareto_alpha_2_N_3,3,2.0,20.0,10000,cv_sample_split,sqrt,0.011774700556882806,9.998626913418725e-06,0.0026989989343628555,0.011712413089109957,0.011836988024655656,4.262889616683521e-31,0.0,sample_split,F6_default,3a1471b9b43cbbb05811882dff5ff989dde78d032a5e383de44737cfaa41769f,2484d30,0.1.0,2026-05-25T22:35:53+00:00
4025642128,pareto_alpha_2_N_3,3,2.0,20.0,10000,cv_sample_split,n_over_logn,0.01176722369369582,9.911703627461431e-06,0.002833606046852636,0.011701871289205931,0.011832576098185709,0.0,0.0,sample_split,F6_default,3a1471b9b43cbbb05811882dff5ff989dde78d032a5e383de44737cfaa41769f,2484d30,0.1.0,2026-05-25T22:35:53+00:00
4025642128,pareto_alpha_2_N_3,3,2.0,20.0,10000,cv_sample_split,n_to_2_3,0.011769604634064505,9.892722411458063e-06,0.00273661004081475,0.011706476510372626,0.011832732757756384,2.3387180987290498e-34,0.0,sample_split,F6_default,3a1471b9b43cbbb05811882dff5ff989dde78d032a5e383de44737cfaa41769f,2484d30,0.1.0,2026-05-25T22:35:53+00:00
159479998,pareto_alpha_2_N_3,3,2.0,20.0,10000,crude_cdmc,none,0.01171739781320299,9.457735133436587e-06,0.0026245956150114393,,,0.0,0.0,none,F6_default,3a1471b9b43cbbb05811882dff5ff989dde78d032a5e383de44737cfaa41769f,2484d30,0.1.0,2026-05-25T22:35:53+00:00
159479998,pareto_alpha_2_N_3,3,2.0,20.0,10000,cv_oracle,oracle,0.01171739781320299,9.457735133436587e-06,0.0026245956150114393,0.01165712219619899,0.01177767343020699,0.0,0.0,oracle,F6_default,3a1471b9b43cbbb05811882dff5ff989dde78d032a5e383de44737cfaa41769f,2484d30,0.1.0,2026-05-25T22:35:53+00:00
159479998,pareto_alpha_2_N_3,3,2.0,20.0,10000,cv_sample_split,sqrt,0.011719766582484996,9.463013487024847e-06,0.002638020524318074,0.01165917040579619,0.011780362759173801,5.154568850508812e-32,0.0,sample_split,F6_default,3a1471b9b43cbbb05811882dff5ff989dde78d032a5e383de44737cfaa41769f,2484d30,0.1.0,2026-05-25T22:35:53+00:00
159479998,pareto_alpha_2_N_3,3,2.0,20.0,10000,cv_sample_split,n_over_logn,0.01172923328795677,9.563773809871492e-06,0.0027924432130430835,0.011665038160516235,0.011793428415397305,0.0,0.0,sample_split,F6_default,3a1471b9b43cbbb05811882dff5ff989dde78d032a5e383de44737cfaa41769f,2484d30,0.1.0,2026-05-25T22:35:53+00:00
159479998,pareto_alpha_2_N_3,3,2.0,20.0,10000,cv_sample_split,n_to_2_3,0.011726547384929628,9.530293474082877e-06,0.00269587563235426,0.011664586429338158,0.011788508340521099,2.4261651903296516e-31,0.0,sample_split,F6_default,3a1471b9b43cbbb05811882dff5ff989dde78d032a5e383de44737cfaa41769f,2484d30,0.1.0,2026-05-25T22:35:53+00:00
2631693145,pareto_alpha_2_N_3,3,2.0,20.0,10000,crude_cdmc,none,0.011742062708582439,9.718902920537379e-06,0.0026549981735147624,,,0.0,0.0,none,F6_default,3a1471b9b43cbbb05811882dff5ff989dde78d032a5e383de44737cfaa41769f,2484d30,0.1.0,2026-05-25T22:35:53+00:00
2631693145,pareto_alpha_2_N_3,3,2.0,20.0,10000,cv_oracle,oracle,0.011742062708582439,9.718902920537379e-06,0.0026549981735147624,0.011680960527482605,0.011803164889682272,0.0,0.0,oracle,F6_default,3a1471b9b43cbbb05811882dff5ff989dde78d032a5e383de44737cfaa41769f,2484d30,0.1.0,2026-05-25T22:35:53+00:00
2631693145,pareto_alpha_2_N_3,3,2.0,20.0,10000,cv_sample_split,sqrt,0.011744327327235128,9.748477961122685e-06,0.002671915152065588,0.011682823958967263,0.011805830695502994,8.875785196755368e-31,0.0,sample_split,F6_default,3a1471b9b43cbbb05811882dff5ff989dde78d032a5e383de44737cfaa41769f,2484d30,0.1.0,2026-05-25T22:35:53+00:00
2631693145,pareto_alpha_2_N_3,3,2.0,20.0,10000,cv_sample_split,n_over_logn,0.011750977321905718,9.854588712391368e-06,0.002829336419124809,0.011685813481858105,0.011816141161953331,0.0,0.0,sample_split,F6_default,3a1471b9b43cbbb05811882dff5ff989dde78d032a5e383de44737cfaa41769f,2484d30,0.1.0,2026-05-25T22:35:53+00:00
2631693145,pareto_alpha_2_N_3,3,2.0,20.0,10000,cv_sample_split,n_to_2_3,0.011750005852040887,9.81076493507946e-06,0.0027297962384447007,0.011687139768559006,0.011812871935522768,2.4257477978241254e-31,0.0,sample_split,F6_default,3a1471b9b43cbbb05811882dff5ff989dde78d032a5e383de44737cfaa41769f,2484d30,0.1.0,2026-05-25T22:35:53+00:00
291371374,pareto_alpha_2_N_3,3,2.0,20.0,10000,crude_cdmc,none,0.011798172339383057,1.0397908678098502e-05,0.0027331172528792078,,,0.0,0.0,none,F6_default,3a1471b9b43cbbb05811882dff5ff989dde78d032a5e383de44737cfaa41769f,2484d30,0.1.0,2026-05-25T22:35:53+00:00
291371374,pareto_alpha_2_N_3,3,2.0,20.0,10000,cv_oracle,oracle,0.011798172339383057,1.0397908678098502e-05,0.0027331172528792078,0.011734971755518466,0.011861372923247649,0.0,0.0,oracle,F6_default,3a1471b9b43cbbb05811882dff5ff989dde78d032a5e383de44737cfaa41769f,2484d30,0.1.0,2026-05-25T22:35:53+00:00
291371374,pareto_alpha_2_N_3,3,2.0,20.0,10000,cv_sample_split,sqrt,0.011802254831400833,1.0431599449398962e-05,0.0027503810462480263,0.011738633032424905,0.011865876630376762,9.637001951989823e-32,0.0,sample_split,F6_default,3a1471b9b43cbbb05811882dff5ff989dde78d032a5e383de44737cfaa41769f,2484d30,0.1.0,2026-05-25T22:35:53+00:00
291371374,pareto_alpha_2_N_3,3,2.0,20.0,10000,cv_sample_split,n_over_logn,0.011809009510250181,1.0617624693274184e-05,0.0029223991905202467,0.01174136989909289,0.011876649121407472,0.0,0.0,sample_split,F6_default,3a1471b9b43cbbb05811882dff5ff989dde78d032a5e383de44737cfaa41769f,2484d30,0.1.0,2026-05-25T22:35:53+00:00
291371374,pareto_alpha_2_N_3,3,2.0,20.0,10000,cv_sample_split,n_to_2_3,0.011807774036598814,1.054129861833783e-05,0.002815761739514418,0.011742609392448715,0.011872938680748913,5.842570594054324e-32,0.0,sample_split,F6_default,3a1471b9b43cbbb05811882dff5ff989dde78d032a5e383de44737cfaa41769f,2484d30,0.1.0,2026-05-25T22:35:53+00:00
2191436960,pareto_alpha_2_N_3,3,2.0,20.0,10000,crude_cdmc,none,0.011773242457625663,1.0131780785025642e-05,0.002703627183449796,,,0.0,0.0,none,F6_default,3a1471b9b43cbbb05811882dff5ff989dde78d032a5e383de44737cfaa41769f,2484d30,0.1.0,2026-05-25T22:35:53+00:00
2191436960,pareto_alpha_2_N_3,3,2.0,20.0,10000,cv_oracle,oracle,0.011773242457625663,1.0131780785025642e-05,0.002703627183449796,0.011710855905656528,0.011835629009594797,0.0,0.0,oracle,F6_default,3a1471b9b43cbbb05811882dff5ff989dde78d032a5e383de44737cfaa41769f,2484d30,0.1.0,2026-05-25T22:35:53+00:00
2191436960,pareto_alpha_2_N_3,3,2.0,20.0,10000,cv_sample_split,sqrt,0.011774098609391572,1.0130923202242002e-05,0.002716934981634708,0.011711400419144119,0.011836796799639025,7.970146205277649e-32,0.0,sample_split,F6_default,3a1471b9b43cbbb05811882dff5ff989dde78d032a5e383de44737cfaa41769f,2484d30,0.1.0,2026-05-25T22:35:53+00:00
2191436960,pareto_alpha_2_N_3,3,2.0,20.0,10000,cv_sample_split,n_over_logn,0.011797373670206748,1.0452779452209883e-05,0.002902484333893186,0.01173026118660968,0.011864486153803816,0.0,0.0,sample_split,F6_default,3a1471b9b43cbbb05811882dff5ff989dde78d032a5e383de44737cfaa41769f,2484d30,0.1.0,2026-05-25T22:35:53+00:00
2191436960,pareto_alpha_2_N_3,3,2.0,20.0,10000,cv_sample_split,n_to_2_3,0.011781214925559128,1.0269954046557209e-05,0.002785550588056132,0.011716894453963348,0.011845535397154907,1.6631437228490536e-31,0.0,sample_split,F6_default,3a1471b9b43cbbb05811882dff5ff989dde78d032a5e383de44737cfaa41769f,2484d30,0.1.0,2026-05-25T22:35:53+00:00
1490328448,pareto_alpha_2_N_3,3,2.0,20.0,10000,crude_cdmc,none,0.011702032331265566,9.612946120959291e-06,0.002649518525173409,,,0.0,0.0,none,F6_default,3a1471b9b43cbbb05811882dff5ff989dde78d032a5e383de44737cfaa41769f,2484d30,0.1.0,2026-05-25T22:35:53+00:00
1490328448,pareto_alpha_2_N_3,3,2.0,20.0,10000,cv_oracle,oracle,0.011702032331265566,9.612946120959291e-06,0.002649518525173409,0.011641264135085972,0.01176280052744516,0.0,0.0,oracle,F6_default,3a1471b9b43cbbb05811882dff5ff989dde78d032a5e383de44737cfaa41769f,2484d30,0.1.0,2026-05-25T22:35:53+00:00
1490328448,pareto_alpha_2_N_3,3,2.0,20.0,10000,cv_sample_split,sqrt,0.011699160124080144,9.512517780474198e-06,0.0026495703695015374,0.011638405654373175,0.011759914593787113,6.937203942620016e-32,0.0,sample_split,F6_default,3a1471b9b43cbbb05811882dff5ff989dde78d032a5e383de44737cfaa41769f,2484d30,0.1.0,2026-05-25T22:35:53+00:00
1490328448,pareto_alpha_2_N_3,3,2.0,20.0,10000,cv_sample_split,n_over_logn,0.011711574711545073,9.579660915215594e-06,0.0027989755286747767,0.011647326286547726,0.011775823136542421,0.0,0.0,sample_split,F6_default,3a1471b9b43cbbb05811882dff5ff989dde78d032a5e383de44737cfaa41769f,2484d30,0.1.0,2026-05-25T22:35:53+00:00
1490328448,pareto_alpha_2_N_3,3,2.0,20.0,10000,cv_sample_split,n_to_2_3,0.011702227069126082,9.540168370706873e-06,0.002702877591117718,0.011640234021153648,0.011764220117098517,1.360932431102817e-32,0.0,sample_split,F6_default,3a1471b9b43cbbb05811882dff5ff989dde78d032a5e383de44737cfaa41769f,2484d30,0.1.0,2026-05-25T22:35:53+00:00
3867926132,pareto_alpha_2_N_3,3,2.0,20.0,10000,crude_cdmc,none,0.011723688057246478,9.495847295766494e-06,0.0026284674713457135,,,0.0,0.0,none,F6_default,3a1471b9b43cbbb05811882dff5ff989dde78d032a5e383de44737cfaa41769f,2484d30,0.1.0,2026-05-25T22:35:53+00:00
3867926132,pareto_alpha_2_N_3,3,2.0,20.0,10000,cv_oracle,oracle,0.011723688057246478,9.495847295766494e-06,0.0026284674713457135,0.011663291114977612,0.011784084999515344,0.0,0.0,oracle,F6_default,3a1471b9b43cbbb05811882dff5ff989dde78d032a5e383de44737cfaa41769f,2484d30,0.1.0,2026-05-25T22:35:53+00:00
3867926132,pareto_alpha_2_N_3,3,2.0,20.0,10000,cv_sample_split,sqrt,0.011724955576789988,9.531163766355871e-06,0.0026463309898260073,0.011664141592219263,0.011785769561360713,9.298404098845692e-32,0.0,sample_split,F6_default,3a1471b9b43cbbb05811882dff5ff989dde78d032a5e383de44737cfaa41769f,2484d30,0.1.0,2026-05-25T22:35:53+00:00
3867926132,pareto_alpha_2_N_3,3,2.0,20.0,10000,cv_sample_split,n_over_logn,0.011712275503041358,9.405220159284506e-06,0.0027732085450101257,0.011648614731131645,0.011775936274951071,0.0,0.0,sample_split,F6_default,3a1471b9b43cbbb05811882dff5ff989dde78d032a5e383de44737cfaa41769f,2484d30,0.1.0,2026-05-25T22:35:53+00:00
3867926132,pareto_alpha_2_N_3,3,2.0,20.0,10000,cv_sample_split,n_to_2_3,0.01171555881623945,9.480310233608316e-06,0.0026913187980892824,0.011653760556620199,0.011777357075858702,4.627758723621179e-34,0.0,sample_split,F6_default,3a1471b9b43cbbb05811882dff5ff989dde78d032a5e383de44737cfaa41769f,2484d30,0.1.0,2026-05-25T22:35:53+00:00
1854907919,pareto_alpha_2_N_3,3,2.0,20.0,10000,crude_cdmc,none,0.011787897344249555,9.784879456961887e-06,0.002653636271788623,,,0.0,0.0,none,F6_default,3a1471b9b43cbbb05811882dff5ff989dde78d032a5e383de44737cfaa41769f,2484d30,0.1.0,2026-05-25T22:35:53+00:00
1854907919,pareto_alpha_2_N_3,3,2.0,20.0,10000,cv_oracle,oracle,0.011787897344249555,9.784879456961887e-06,0.002653636271788623,0.011726588118598455,0.011849206569900654,0.0,0.0,oracle,F6_default,3a1471b9b43cbbb05811882dff5ff989dde78d032a5e383de44737cfaa41769f,2484d30,0.1.0,2026-05-25T22:35:53+00:00
1854907919,pareto_alpha_2_N_3,3,2.0,20.0,10000,cv_sample_split,sqrt,0.011785978869242316,9.774505739307348e-06,0.002666024570073547,0.011724393450784002,0.01184756428770063,7.149400743614616e-33,0.0,sample_split,F6_default,3a1471b9b43cbbb05811882dff5ff989dde78d032a5e383de44737cfaa41769f,2484d30,0.1.0,2026-05-25T22:35:53+00:00
1854907919,pareto_alpha_2_N_3,3,2.0,20.0,10000,cv_sample_split,n_over_logn,0.011789596686125932,9.694440266351454e-06,0.0027970597729913395,0.011724964508783292,0.01185422886346857,0.0,0.0,sample_split,F6_default,3a1471b9b43cbbb05811882dff5ff989dde78d032a5e383de44737cfaa41769f,2484d30,0.1.0,2026-05-25T22:35:53+00:00
1854907919,pareto_alpha_2_N_3,3,2.0,20.0,10000,cv_sample_split,n_to_2_3,0.011787600704464126,9.745521703019002e-06,0.0027120270021431035,0.011724944004670909,0.011850257404257344,2.1617221851170315e-32,0.0,sample_split,F6_default,3a1471b9b43cbbb05811882dff5ff989dde78d032a5e383de44737cfaa41769f,2484d30,0.1.0,2026-05-25T22:35:53+00:00
2162699861,pareto_alpha_2_N_3,3,2.0,20.0,10000,crude_cdmc,none,0.011766893014719509,9.806740822921604e-06,0.002661341118641808,,,0.0,0.0,none,F6_default,3a1471b9b43cbbb05811882dff5ff989dde78d032a5e383de44737cfaa41769f,2484d30,0.1.0,2026-05-25T22:35:53+00:00
2162699861,pareto_alpha_2_N_3,3,2.0,20.0,10000,cv_oracle,oracle,0.011766893014719509,9.806740822921604e-06,0.002661341118641808,0.011705515338780717,0.011828270690658301,0.0,0.0,oracle,F6_default,3a1471b9b43cbbb05811882dff5ff989dde78d032a5e383de44737cfaa41769f,2484d30,0.1.0,2026-05-25T22:35:53+00:00
2162699861,pareto_alpha_2_N_3,3,2.0,20.0,10000,cv_sample_split,sqrt,0.011769767247140642,9.836585635198277e-06,0.002678161217634944,0.0117079865673995,0.011831547926881783,1.2844881920110648e-32,0.0,sample_split,F6_default,3a1471b9b43cbbb05811882dff5ff989dde78d032a5e383de44737cfaa41769f,2484d30,0.1.0,2026-05-25T22:35:53+00:00
2162699861,pareto_alpha_2_N_3,3,2.0,20.0,10000,cv_sample_split,n_over_logn,0.011756396930643813,9.649130411491102e-06,0.002798396014298553,0.011691915969064463,0.011820877892223162,0.0,0.0,sample_split,F6_default,3a1471b9b43cbbb05811882dff5ff989dde78d032a5e383de44737cfaa41769f,2484d30,0.1.0,2026-05-25T22:35:53+00:00
2162699861,pareto_alpha_2_N_3,3,2.0,20.0,10000,cv_sample_split,n_to_2_3,0.011768818158029255,9.816255444095139e-06,0.00272619521955872,0.011705934485780263,0.011831701830278247,1.6965542434111918e-32,0.0,sample_split,F6_default,3a1471b9b43cbbb05811882dff5ff989dde78d032a5e383de44737cfaa41769f,2484d30,0.1.0,2026-05-25T22:35:53+00:00
3506334233,pareto_alpha_2_N_3,3,2.0,20.0,10000,crude_cdmc,none,0.011718522326989358,9.59548126316183e-06,0.002643385656210134,,,0.0,0.0,none,F6_default,3a1471b9b43cbbb05811882dff5ff989dde78d032a5e383de44737cfaa41769f,2484d30,0.1.0,2026-05-25T22:35:53+00:00
3506334233,pareto_alpha_2_N_3,3,2.0,20.0,10000,cv_oracle,oracle,0.011718522326989358,9.59548126316183e-06,0.002643385656210134,0.011657809357915874,0.011779235296062842,0.0,0.0,oracle,F6_default,3a1471b9b43cbbb05811882dff5ff989dde78d032a5e383de44737cfaa41769f,2484d30,0.1.0,2026-05-25T22:35:53+00:00
3506334233,pareto_alpha_2_N_3,3,2.0,20.0,10000,cv_sample_split,sqrt,0.011714114943874298,9.57513157296173e-06,0.002654882450414534,0.011653160851494834,0.011775069036253761,6.855299688857186e-32,0.0,sample_split,F6_default,3a1471b9b43cbbb05811882dff5ff989dde78d032a5e383de44737cfaa41769f,2484d30,0.1.0,2026-05-25T22:35:53+00:00
3506334233,pareto_alpha_2_N_3,3,2.0,20.0,10000,cv_sample_split,n_over_logn,0.011717309700822675,9.56999261260071e-06,0.0027961934791022837,0.011653093705471339,0.01178152569617401,0.0,0.0,sample_split,F6_default,3a1471b9b43cbbb05811882dff5ff989dde78d032a5e383de44737cfaa41769f,2484d30,0.1.0,2026-05-25T22:35:53+00:00
3506334233,pareto_alpha_2_N_3,3,2.0,20.0,10000,cv_sample_split,n_to_2_3,0.011713912460036925,9.620644683231706e-06,0.0027115460990303165,0.011651658489263892,0.011776166430809958,4.199596159484001e-31,0.0,sample_split,F6_default,3a1471b9b43cbbb05811882dff5ff989dde78d032a5e383de44737cfaa41769f,2484d30,0.1.0,2026-05-25T22:35:53+00:00
110038685,pareto_alpha_2_N_3,3,2.0,20.0,10000,crude_cdmc,none,0.01178790881313241,9.885165946421482e-06,0.0026671977403294697,,,0.0,0.0,none,F6_default,3a1471b9b43cbbb05811882dff5ff989dde78d032a5e383de44737cfaa41769f,2484d30,0.1.0,2026-05-25T22:35:53+00:00
110038685,pareto_alpha_2_N_3,3,2.0,20.0,10000,cv_oracle,oracle,0.01178790881313241,9.885165946421482e-06,0.0026671977403294697,0.011726286205333888,0.011849531420930932,0.0,0.0,oracle,F6_default,3a1471b9b43cbbb05811882dff5ff989dde78d032a5e383de44737cfaa41769f,2484d30,0.1.0,2026-05-25T22:35:53+00:00
110038685,pareto_alpha_2_N_3,3,2.0,20.0,10000,cv_sample_split,sqrt,0.011788127847027043,9.891210376330718e-06,0.002681404197457672,0.011726175863871386,0.0118500798301827,1.0901124922975558e-31,0.0,sample_split,F6_default,3a1471b9b43cbbb05811882dff5ff989dde78d032a5e383de44737cfaa41769f,2484d30,0.1.0,2026-05-25T22:35:53+00:00
110038685,pareto_alpha_2_N_3,3,2.0,20.0,10000,cv_sample_split,n_over_logn,0.011783505864497867,1.0004623698535156e-05,0.0028429235630642344,0.011717847842305337,0.011849163886690398,0.0,0.0,sample_split,F6_default,3a1471b9b43cbbb05811882dff5ff989dde78d032a5e383de44737cfaa41769f,2484d30,0.1.0,2026-05-25T22:35:53+00:00
110038685,pareto_alpha_2_N_3,3,2.0,20.0,10000,cv_sample_split,n_to_2_3,0.011790311981360945,9.935721743240711e-06,0.002737734267233772,0.011727046811274466,0.011853577151447425,7.789258172860438e-32,0.0,sample_split,F6_default,3a1471b9b43cbbb05811882dff5ff989dde78d032a5e383de44737cfaa41769f,2484d30,0.1.0,2026-05-25T22:35:53+00:00
1775603045,pareto_alpha_2_N_3,3,2.0,20.0,10000,crude_cdmc,none,0.011746889287049886,9.994677302750443e-06,0.002691296290078335,,,0.0,0.0,none,F6_default,3a1471b9b43cbbb05811882dff5ff989dde78d032a5e383de44737cfaa41769f,2484d30,0.1.0,2026-05-25T22:35:53+00:00
1775603045,pareto_alpha_2_N_3,3,2.0,20.0,10000,cv_oracle,oracle,0.011746889287049886,9.994677302750443e-06,0.002691296290078335,0.011684926280921517,0.011808852293178254,0.0,0.0,oracle,F6_default,3a1471b9b43cbbb05811882dff5ff989dde78d032a5e383de44737cfaa41769f,2484d30,0.1.0,2026-05-25T22:35:53+00:00
1775603045,pareto_alpha_2_N_3,3,2.0,20.0,10000,cv_sample_split,sqrt,0.011747745586714722,1.0007154582104821e-05,0.0027063450955719746,0.011685431562611419,0.011810059610818026,1.452664802620949e-31,0.0,sample_split,F6_default,3a1471b9b43cbbb05811882dff5ff989dde78d032a5e383de44737cfaa41769f,2484d30,0.1.0,2026-05-25T22:35:53+00:00
1775603045,pareto_alpha_2_N_3,3,2.0,20.0,10000,cv_sample_split,n_over_logn,0.011748265330173473,1.0092943339345672e-05,0.002864009785475146,0.011682318134129711,0.011814212526217234,0.0,0.0,sample_split,F6_default,3a1471b9b43cbbb05811882dff5ff989dde78d032a5e383de44737cfaa41769f,2484d30,0.1.0,2026-05-25T22:35:53+00:00
1775603045,pareto_alpha_2_N_3,3,2.0,20.0,10000,cv_sample_split,n_to_2_3,0.011744871343087143,9.994096471253193e-06,0.002756388210516181,0.011681420596218866,0.01180832208995542,1.4485299193726758e-31,0.0,sample_split,F6_default,3a1471b9b43cbbb05811882dff5ff989dde78d032a5e383de44737cfaa41769f,2484d30,0.1.0,2026-05-25T22:35:53+00:00
2067684597,pareto_alpha_2_N_3,3,2.0,20.0,10000,crude_cdmc,none,0.011744108885402392,1.0226965627928685e-05,0.0027230356615890986,,,0.0,0.0,none,F6_default,3a1471b9b43cbbb05811882dff5ff989dde78d032a5e383de44737cfaa41769f,2484d30,0.1.0,2026-05-25T22:35:53+00:00
2067684597,pareto_alpha_2_N_3,3,2.0,20.0,10000,cv_oracle,oracle,0.011744108885402392,1.0226965627928685e-05,0.0027230356615890986,0.011681429967638648,0.011806787803166135,0.0,0.0,oracle,F6_default,3a1471b9b43cbbb05811882dff5ff989dde78d032a5e383de44737cfaa41769f,2484d30,0.1.0,2026-05-25T22:35:53+00:00
2067684597,pareto_alpha_2_N_3,3,2.0,20.0,10000,cv_sample_split,sqrt,0.011746905005379026,1.0256704492685552e-05,0.0027400776327714585,0.011683818798571503,0.011809991212186548,9.648740911672678e-31,0.0,sample_split,F6_default,3a1471b9b43cbbb05811882dff5ff989dde78d032a5e383de44737cfaa41769f,2484d30,0.1.0,2026-05-25T22:35:53+00:00
2067684597,pareto_alpha_2_N_3,3,2.0,20.0,10000,cv_sample_split,n_over_logn,0.011755744150728137,1.0377995937300926e-05,0.0029023243720007613,0.011688872173330053,0.01182261612812622,0.0,0.0,sample_split,F6_default,3a1471b9b43cbbb05811882dff5ff989dde78d032a5e383de44737cfaa41769f,2484d30,0.1.0,2026-05-25T22:35:53+00:00
2067684597,pareto_alpha_2_N_3,3,2.0,20.0,10000,cv_sample_split,n_to_2_3,0.011748266740027243,1.0289604316534483e-05,0.002796033802969903,0.011683884763257324,0.011812648716797162,3.42762971553456e-32,0.0,sample_split,F6_default,3a1471b9b43cbbb05811882dff5ff989dde78d032a5e383de44737cfaa41769f,2484d30,0.1.0,2026-05-25T22:35:53+00:00
737839118,pareto_alpha_2_N_3,3,2.0,20.0,10000,crude_cdmc,none,0.011795246346047112,1.0277111335402711e-05,0.0027178689684029746,,,0.0,0.0,none,F6_default,3a1471b9b43cbbb05811882dff5ff989dde78d032a5e383de44737cfaa41769f,2484d30,0.1.0,2026-05-25T22:35:53+00:00
737839118,pareto_alpha_2_N_3,3,2.0,20.0,10000,cv_oracle,oracle,0.011795246346047112,1.0277111335402711e-05,0.0027178689684029746,0.011732413949951915,0.011858078742142309,0.0,0.0,oracle,F6_default,3a1471b9b43cbbb05811882dff5ff989dde78d032a5e383de44737cfaa41769f,2484d30,0.1.0,2026-05-25T22:35:53+00:00
737839118,pareto_alpha_2_N_3,3,2.0,20.0,10000,cv_sample_split,sqrt,0.01179504739342147,1.029138530625844e-05,0.002733503483147289,0.011731854620482582,0.011858240166360359,3.0555265160834236e-34,0.0,sample_split,F6_default,3a1471b9b43cbbb05811882dff5ff989dde78d032a5e383de44737cfaa41769f,2484d30,0.1.0,2026-05-25T22:35:53+00:00
737839118,pareto_alpha_2_N_3,3,2.0,20.0,10000,cv_sample_split,n_over_logn,0.011798219169032238,1.0230748134021566e-05,0.0028712867262316523,0.011731823291711784,0.011864615046352693,0.0,0.0,sample_split,F6_default,3a1471b9b43cbbb05811882dff5ff989dde78d032a5e383de44737cfaa41769f,2484d30,0.1.0,2026-05-25T22:35:53+00:00
737839118,pareto_alpha_2_N_3,3,2.0,20.0,10000,cv_sample_split,n_to_2_3,0.011787408849591138,1.0150690110522431e-05,0.0027678739997085387,0.011723462942175498,0.011851354757006778,1.7932781470333946e-31,0.0,sample_split,F6_default,3a1471b9b43cbbb05811882dff5ff989dde78d032a5e383de44737cfaa41769f,2484d30,0.1.0,2026-05-25T22:35:53+00:00
1403317662,pareto_alpha_2_N_3,3,2.0,20.0,10000,crude_cdmc,none,0.011835244975312811,1.0388391727986826e-05,0.002723308911110795,,,0.0,0.0,none,F6_default,3a1471b9b43cbbb05811882dff5ff989dde78d032a5e383de44737cfaa41769f,2484d30,0.1.0,2026-05-25T22:35:53+00:00
1403317662,pareto_alpha_2_N_3,3,2.0,20.0,10000,cv_oracle,oracle,0.011835244975312811,1.0388391727986826e-05,0.002723308911110795,0.011772073321039474,0.011898416629586149,0.0,0.0,oracle,F6_default,3a1471b9b43cbbb05811882dff5ff989dde78d032a5e383de44737cfaa41769f,2484d30,0.1.0,2026-05-25T22:35:53+00:00
1403317662,pareto_alpha_2_N_3,3,2.0,20.0,10000,cv_sample_split,sqrt,0.01182932682673392,1.0317000156968457e-05,0.002728972067192442,0.011766055460513146,0.011892598192954695,1.1890227714426738e-30,0.0,sample_split,F6_default,3a1471b9b43cbbb05811882dff5ff989dde78d032a5e383de44737cfaa41769f,2484d30,0.1.0,2026-05-25T22:35:53+00:00
1403317662,pareto_alpha_2_N_3,3,2.0,20.0,10000,cv_sample_split,n_over_logn,0.011821550933833401,1.026025122082229e-05,0.002869748686444056,0.011755059390335932,0.01188804247733087,0.0,0.0,sample_split,F6_default,3a1471b9b43cbbb05811882dff5ff989dde78d032a5e383de44737cfaa41769f,2484d30,0.1.0,2026-05-25T22:35:53+00:00
1403317662,pareto_alpha_2_N_3,3,2.0,20.0,10000,cv_sample_split,n_to_2_3,0.011829226333069353,1.0339312156880997e-05,0.0027835970086798664,0.011764689032869152,0.011893763633269555,1.2186209013822746e-31,0.0,sample_split,F6_default,3a1471b9b43cbbb05811882dff5ff989dde78d032a5e383de44737cfaa41769f,2484d30,0.1.0,2026-05-25T22:35:53+00:00
3833729720,pareto_alpha_2_N_3,3,2.0,20.0,10000,crude_cdmc,none,0.011778235320060866,1.019577098401908e-05,0.002711001819026244,,,0.0,0.0,none,F6_default,3a1471b9b43cbbb05811882dff5ff989dde78d032a5e383de44737cfaa41769f,2484d30,0.1.0,2026-05-25T22:35:53+00:00
3833729720,pareto_alpha_2_N_3,3,2.0,20.0,10000,cv_oracle,oracle,0.011778235320060866,1.019577098401908e-05,0.002711001819026244,0.011715652068003837,0.011840818572117896,0.0,0.0,oracle,F6_default,3a1471b9b43cbbb05811882dff5ff989dde78d032a5e383de44737cfaa41769f,2484d30,0.1.0,2026-05-25T22:35:53+00:00
3833729720,pareto_alpha_2_N_3,3,2.0,20.0,10000,cv_sample_split,sqrt,0.011780947178819513,1.0220284881014853e-05,0.0027273049120476907,0.011717973075190345,0.011843921282448681,2.629083091532978e-31,0.0,sample_split,F6_default,3a1471b9b43cbbb05811882dff5ff989dde78d032a5e383de44737cfaa41769f,2484d30,0.1.0,2026-05-25T22:35:53+00:00
3833729720,pareto_alpha_2_N_3,3,2.0,20.0,10000,cv_sample_split,n_over_logn,0.0117748393479739,1.0170474168443612e-05,0.0028685005422942533,0.011708639343648889,0.011841039352298912,0.0,0.0,sample_split,F6_default,3a1471b9b43cbbb05811882dff5ff989dde78d032a5e383de44737cfaa41769f,2484d30,0.1.0,2026-05-25T22:35:53+00:00
3833729720,pareto_alpha_2_N_3,3,2.0,20.0,10000,cv_sample_split,n_to_2_3,0.01177542507338204,1.0190896267886221e-05,0.002776172678908124,0.011711352648541862,0.01183949749822222,1.827350763531396e-32,0.0,sample_split,F6_default,3a1471b9b43cbbb05811882dff5ff989dde78d032a5e383de44737cfaa41769f,2484d30,0.1.0,2026-05-25T22:35:53+00:00
2635872493,pareto_alpha_2_N_3,3,2.0,20.0,10000,crude_cdmc,none,0.011723073131168035,9.812752566401546e-06,0.0026721076463594507,,,0.0,0.0,none,F6_default,3a1471b9b43cbbb05811882dff5ff989dde78d032a5e383de44737cfaa41769f,2484d30,0.1.0,2026-05-25T22:35:53+00:00
2635872493,pareto_alpha_2_N_3,3,2.0,20.0,10000,cv_oracle,oracle,0.011723073131168035,9.812752566401546e-06,0.0026721076463594507,0.011661676645192458,0.011784469617143613,0.0,0.0,oracle,F6_default,3a1471b9b43cbbb05811882dff5ff989dde78d032a5e383de44737cfaa41769f,2484d30,0.1.0,2026-05-25T22:35:53+00:00
2635872493,pareto_alpha_2_N_3,3,2.0,20.0,10000,cv_sample_split,sqrt,0.011721301192307094,9.75754176826028e-06,0.0026784083264475467,0.011659769238799817,0.01178283314581437,6.253404489149277e-31,0.0,sample_split,F6_default,3a1471b9b43cbbb05811882dff5ff989dde78d032a5e383de44737cfaa41769f,2484d30,0.1.0,2026-05-25T22:35:53+00:00
2635872493,pareto_alpha_2_N_3,3,2.0,20.0,10000,cv_sample_split,n_over_logn,0.011726494136089873,9.77213775400071e-06,0.0028233578428706178,0.011661603473683462,0.011791384798496283,0.0,0.0,sample_split,F6_default,3a1471b9b43cbbb05811882dff5ff989dde78d032a5e383de44737cfaa41769f,2484d30,0.1.0,2026-05-25T22:35:53+00:00
2635872493,pareto_alpha_2_N_3,3,2.0,20.0,10000,cv_sample_split,n_to_2_3,0.01171802309146942,9.724292920799001e-06,0.002725157112332255,0.011655434671785876,0.011780611511152964,1.2318161036132806e-31,0.0,sample_split,F6_default,3a1471b9b43cbbb05811882dff5ff989dde78d032a5e383de44737cfaa41769f,2484d30,0.1.0,2026-05-25T22:35:53+00:00
3646854606,pareto_alpha_2_N_3,3,2.0,20.0,10000,crude_cdmc,none,0.011765780258238788,1.0052317348327409e-05,0.002694712036537969,,,0.0,0.0,none,F6_default,3a1471b9b43cbbb05811882dff5ff989dde78d032a5e383de44737cfaa41769f,2484d30,0.1.0,2026-05-25T22:35:53+00:00
3646854606,pareto_alpha_2_N_3,3,2.0,20.0,10000,cv_oracle,oracle,0.011765780258238788,1.0052317348327409e-05,0.002694712036537969,0.011703638836347952,0.011827921680129624,0.0,0.0,oracle,F6_default,3a1471b9b43cbbb05811882dff5ff989dde78d032a5e383de44737cfaa41769f,2484d30,0.1.0,2026-05-25T22:35:53+00:00
3646854606,pareto_alpha_2_N_3,3,2.0,20.0,10000,cv_sample_split,sqrt,0.011767734704040198,1.0084031098109075e-05,0.002712105765331075,0.01170518178485989,0.011830287623220507,4.37701377175537e-33,0.0,sample_split,F6_default,3a1471b9b43cbbb05811882dff5ff989dde78d032a5e383de44737cfaa41769f,2484d30,0.1.0,2026-05-25T22:35:53+00:00
3646854606,pareto_alpha_2_N_3,3,2.0,20.0,10000,cv_sample_split,n_over_logn,0.011770744292429894,1.0200083181723378e-05,0.002873672406145607,0.011704447995039316,0.011837040589820472,0.0,0.0,sample_split,F6_default,3a1471b9b43cbbb05811882dff5ff989dde78d032a5e383de44737cfaa41769f,2484d30,0.1.0,2026-05-25T22:35:53+00:00
3646854606,pareto_alpha_2_N_3,3,2.0,20.0,10000,cv_sample_split,n_to_2_3,0.011772192009005233,1.0150959566200449e-05,0.002771488562989325,0.011708245252855501,0.011836138765154965,3.4723344035362267e-31,0.0,sample_split,F6_default,3a1471b9b43cbbb05811882dff5ff989dde78d032a5e383de44737cfaa41769f,2484d30,0.1.0,2026-05-25T22:35:53+00:00
973798132,pareto_alpha_2_N_3,3,2.0,20.0,10000,crude_cdmc,none,0.01179911538370303,1.0272139377569644e-05,0.0027163204522872254,,,0.0,0.0,none,F6_default,3a1471b9b43cbbb05811882dff5ff989dde78d032a5e383de44737cfaa41769f,2484d30,0.1.0,2026-05-25T22:35:53+00:00
973798132,pareto_alpha_2_N_3,3,2.0,20.0,10000,cv_oracle,oracle,0.01179911538370303,1.0272139377569644e-05,0.0027163204522872254,0.011736298188271075,0.011861932579134985,0.0,0.0,oracle,F6_default,3a1471b9b43cbbb05811882dff5ff989dde78d032a5e383de44737cfaa41769f,2484d30,0.1.0,2026-05-25T22:35:53+00:00
973798132,pareto_alpha_2_N_3,3,2.0,20.0,10000,cv_sample_split,sqrt,0.011801374950827812,1.0307181134343127e-05,0.002734133700206751,0.011738133700476787,0.011864616201178837,8.73437939473897e-31,0.0,sample_split,F6_default,3a1471b9b43cbbb05811882dff5ff989dde78d032a5e383de44737cfaa41769f,2484d30,0.1.0,2026-05-25T22:35:53+00:00
973798132,pareto_alpha_2_N_3,3,2.0,20.0,10000,cv_sample_split,n_over_logn,0.011799268889689494,1.0268096286831744e-05,0.0028762669715994903,0.011732751931079664,0.011865785848299323,0.0,0.0,sample_split,F6_default,3a1471b9b43cbbb05811882dff5ff989dde78d032a5e383de44737cfaa41769f,2484d30,0.1.0,2026-05-25T22:35:53+00:00
973798132,pareto_alpha_2_N_3,3,2.0,20.0,10000,cv_sample_split,n_to_2_3,0.011796287634030947,1.026451819477774e-05,0.002781255003598774,0.011731984186991751,0.011860591081070142,2.300818404064404e-32,0.0,sample_split,F6_default,3a1471b9b43cbbb05811882dff5ff989dde78d032a5e383de44737cfaa41769f,2484d30,0.1.0,2026-05-25T22:35:53+00:00
